[
    {"id": 1, "nome": "Ana", "telefone": "29 278869420"},
    {"id": 2, "nome": "Antônio", "telefone": "38 128451235"},
    {"id": 2, "nome": "Ágata", "telefone": "38 128451235"},
    {"id": 3, "nome": "Bruno", "telefone": "95 695521583"},
    {"id": 4, "nome": "Beatriz", "telefone": "25 854986459"},
    {"id": 5, "nome": "Carlos", "telefone": "94 543197849"},
    {"id": 6, "nome": "Cláudia", "telefone": "31 176437098"},
    {"id": 7, "nome": "Daniel", "telefone": "56 613692441"},
    {"id": 8, "nome": "Diana", "telefone": "16 670764734"},
    {"id": 9, "nome": "Eduardo", "telefone": "71 962784210"},
    {"id": 10, "nome": "Eliana", "telefone": "94 601212586"},
    {"id": 11, "nome": "Fabio", "telefone": "21 613882845"},
    {"id": 12, "nome": "Fernanda", "telefone": "36 286892946"},
    {"id": 13, "nome": "Gabriel", "telefone": "23 876578152"},
    {"id": 14, "nome": "Giovana", "telefone": "82 836752948"},
    {"id": 15, "nome": "Henrique", "telefone": "16 326607223"},
    {"id": 16, "nome": "Helena", "telefone": "58 696978253"},
    {"id": 17, "nome": "Igor", "telefone": "46 316441802"},
    {"id": 18, "nome": "Isabela", "telefone": "81 103125769"},
    {"id": 19, "nome": "João", "telefone": "76 316563452"},
    {"id": 20, "nome": "Juliana", "telefone": "86 121042222"},
    {"id": 21, "nome": "Kleber", "telefone": "16 333519686"},
    {"id": 22, "nome": "Karina", "telefone": "74 580566400"},
    {"id": 23, "nome": "Lucas", "telefone": "89 371256434"},
    {"id": 24, "nome": "Lúcia", "telefone": "65 716464295"},
    {"id": 25, "nome": "Marcelo", "telefone": "45 973219600"},
    {"id": 26, "nome": "Mariana", "telefone": "59 324639597"},
    {"id": 27, "nome": "Nelson", "telefone": "66 918277590"},
    {"id": 28, "nome": "Natália", "telefone": "71 100450583"},
    {"id": 29, "nome": "Otávio", "telefone": "77 329849513"},
    {"id": 30, "nome": "Olívia", "telefone": "46 588271840"},
    {"id": 31, "nome": "Paulo", "telefone": "88 337812653"},
    {"id": 32, "nome": "Patrícia", "telefone": "82 634070502"},
    {"id": 33, "nome": "Quirino", "telefone": "34 377667996"},
    {"id": 34, "nome": "Queila", "telefone": "58 710806340"},
    {"id": 35, "nome": "Rafael", "telefone": "52 794950878"},
    {"id": 36, "nome": "Renata", "telefone": "48 881351523"},
    {"id": 37, "nome": "Sérgio", "telefone": "36 725382335"},
    {"id": 38, "nome": "Sandra", "telefone": "46 945695132"},
    {"id": 39, "nome": "Thiago", "telefone": "79 860343483"},
    {"id": 40, "nome": "Tatiana", "telefone": "92 391918653"},
    {"id": 41, "nome": "Ubiratan", "telefone": "22 111691083"},
    {"id": 42, "nome": "Úrsula", "telefone": "92 702488980"},
    {"id": 43, "nome": "Vitor", "telefone": "40 769490767"},
    {"id": 44, "nome": "Vanessa", "telefone": "37 290073018"},
    {"id": 45, "nome": "Wagner", "telefone": "29 707593374"},
    {"id": 46, "nome": "Wanessa", "telefone": "34 726018755"},
    {"id": 47, "nome": "Xavier", "telefone": "95 778422977"},
    {"id": 48, "nome": "Xênia", "telefone": "96 248413886"},
    {"id": 49, "nome": "Yuri", "telefone": "65 419637955"},
    {"id": 50, "nome": "Yasmin", "telefone": "69 433926906"},
    {"id": 51, "nome": "Zacarias", "telefone": "23 296915638"},
    {"id": 52, "nome": "Zuleica", "telefone": "30 674550130"}
]